{
  "Q-Learning": {
    "final_stats": {
      "algorithm": "Q-Learning",
      "total_episodes": 100,
      "average_reward": 0.5581,
      "max_reward": 0.59,
      "min_reward": 0.36,
      "std_reward": 0.07138200053234707,
      "final_100_avg": 0.5581
    },
    "training_history": {
      "episodes": [
        1,
        2,
        3,
        4,
        5,
        6,
        7,
        8,
        9,
        10,
        11,
        12,
        13,
        14,
        15,
        16,
        17,
        18,
        19,
        20,
        21,
        22,
        23,
        24,
        25,
        26,
        27,
        28,
        29,
        30,
        31,
        32,
        33,
        34,
        35,
        36,
        37,
        38,
        39,
        40,
        41,
        42,
        43,
        44,
        45,
        46,
        47,
        48,
        49,
        50,
        51,
        52,
        53,
        54,
        55,
        56,
        57,
        58,
        59,
        60,
        61,
        62,
        63,
        64,
        65,
        66,
        67,
        68,
        69,
        70,
        71,
        72,
        73,
        74,
        75,
        76,
        77,
        78,
        79,
        80,
        81,
        82,
        83,
        84,
        85,
        86,
        87,
        88,
        89,
        90,
        91,
        92,
        93,
        94,
        95,
        96,
        97,
        98,
        99,
        100
      ],
      "rewards": [
        0.42000000000000004,
        0.59,
        0.59,
        0.59,
        0.42000000000000004,
        0.42000000000000004,
        0.59,
        0.59,
        0.59,
        0.59,
        0.59,
        0.59,
        0.59,
        0.59,
        0.59,
        0.59,
        0.59,
        0.59,
        0.59,
        0.59,
        0.59,
        0.59,
        0.59,
        0.59,
        0.36,
        0.59,
        0.36,
        0.59,
        0.59,
        0.59,
        0.59,
        0.59,
        0.59,
        0.42000000000000004,
        0.42000000000000004,
        0.59,
        0.59,
        0.36,
        0.59,
        0.59,
        0.59,
        0.42000000000000004,
        0.59,
        0.59,
        0.59,
        0.59,
        0.42000000000000004,
        0.59,
        0.59,
        0.59,
        0.59,
        0.59,
        0.59,
        0.42000000000000004,
        0.59,
        0.59,
        0.42000000000000004,
        0.59,
        0.59,
        0.59,
        0.59,
        0.59,
        0.59,
        0.42000000000000004,
        0.59,
        0.59,
        0.59,
        0.59,
        0.42000000000000004,
        0.59,
        0.59,
        0.59,
        0.36,
        0.59,
        0.59,
        0.59,
        0.59,
        0.59,
        0.59,
        0.59,
        0.59,
        0.59,
        0.36,
        0.59,
        0.59,
        0.59,
        0.59,
        0.59,
        0.59,
        0.59,
        0.42000000000000004,
        0.59,
        0.59,
        0.59,
        0.59,
        0.59,
        0.59,
        0.59,
        0.59,
        0.59
      ]
    }
  },
  "PPO": {
    "final_stats": {
      "algorithm": "PPO",
      "total_episodes": 100,
      "average_reward": 0.5128,
      "max_reward": 0.59,
      "min_reward": 0.36,
      "std_reward": 0.1003103185121052,
      "final_100_avg": 0.5128
    },
    "training_history": {
      "episodes": [
        1,
        2,
        3,
        4,
        5,
        6,
        7,
        8,
        9,
        10,
        11,
        12,
        13,
        14,
        15,
        16,
        17,
        18,
        19,
        20,
        21,
        22,
        23,
        24,
        25,
        26,
        27,
        28,
        29,
        30,
        31,
        32,
        33,
        34,
        35,
        36,
        37,
        38,
        39,
        40,
        41,
        42,
        43,
        44,
        45,
        46,
        47,
        48,
        49,
        50,
        51,
        52,
        53,
        54,
        55,
        56,
        57,
        58,
        59,
        60,
        61,
        62,
        63,
        64,
        65,
        66,
        67,
        68,
        69,
        70,
        71,
        72,
        73,
        74,
        75,
        76,
        77,
        78,
        79,
        80,
        81,
        82,
        83,
        84,
        85,
        86,
        87,
        88,
        89,
        90,
        91,
        92,
        93,
        94,
        95,
        96,
        97,
        98,
        99,
        100
      ],
      "rewards": [
        0.59,
        0.59,
        0.59,
        0.42000000000000004,
        0.59,
        0.36,
        0.59,
        0.59,
        0.42000000000000004,
        0.59,
        0.59,
        0.42000000000000004,
        0.36,
        0.59,
        0.59,
        0.59,
        0.42000000000000004,
        0.59,
        0.59,
        0.36,
        0.59,
        0.59,
        0.59,
        0.59,
        0.59,
        0.59,
        0.59,
        0.59,
        0.59,
        0.59,
        0.36,
        0.59,
        0.59,
        0.36,
        0.36,
        0.59,
        0.59,
        0.36,
        0.59,
        0.59,
        0.59,
        0.42000000000000004,
        0.59,
        0.59,
        0.36,
        0.59,
        0.36,
        0.36,
        0.36,
        0.59,
        0.42000000000000004,
        0.59,
        0.59,
        0.42000000000000004,
        0.59,
        0.59,
        0.59,
        0.59,
        0.36,
        0.59,
        0.42000000000000004,
        0.59,
        0.42000000000000004,
        0.42000000000000004,
        0.36,
        0.42000000000000004,
        0.59,
        0.59,
        0.59,
        0.36,
        0.42000000000000004,
        0.59,
        0.59,
        0.59,
        0.36,
        0.36,
        0.59,
        0.59,
        0.36,
        0.42000000000000004,
        0.59,
        0.59,
        0.59,
        0.36,
        0.42000000000000004,
        0.59,
        0.59,
        0.59,
        0.59,
        0.36,
        0.59,
        0.59,
        0.42000000000000004,
        0.59,
        0.36,
        0.42000000000000004,
        0.59,
        0.36,
        0.42000000000000004,
        0.59
      ]
    }
  }
}